{"0": {"precision": 0.6982294072363356, "recall": 0.4641760491299898, "f1-score": 0.5576391023670458, "support": 1954.0}, "1": {"precision": 0.8426983173076923, "recall": 0.9346775537410431, "f1-score": 0.8863079718732717, "support": 6001.0}, "accuracy": 0.8191074795725959, "macro avg": {"precision": 0.7704638622720139, "recall": 0.6994268014355165, "f1-score": 0.7219735371201588, "support": 7955.0}, "weighted avg": {"precision": 0.8072121764806112, "recall": 0.8191074795725959, "f1-score": 0.8055764858877072, "support": 7955.0}}