{"fpr": [0.0, 0.004605936540429887, 0.01023541453428864, 0.015353121801432957, 0.02047082906857728, 0.02661207778915046, 0.03224155578300921, 0.0383828045035824, 0.0465711361310133, 0.05271238485158649, 0.05834186284544524, 0.06345957011258956, 0.07062436028659161, 0.0767656090071648, 0.08290685772773797, 0.08955987717502559, 0.09621289662231321, 0.10133060388945753, 0.10798362333674513, 0.11412487205731832, 0.1202661207778915, 0.12743091095189354, 0.13408393039918118, 0.13971340839303992, 0.14636642784032752, 0.1535312180143296, 0.15916069600818833, 0.1647901740020471, 0.1699078812691914, 0.17553735926305014, 0.18219037871033777, 0.18781985670419651, 0.19498464687819858, 0.20214943705220062, 0.20880245649948823, 0.21596724667349027, 0.22364380757420677, 0.23183213920163767, 0.23950870010235414, 0.24564994882292732, 0.25281473899692936, 0.263050153531218, 0.26816786079836236, 0.27686796315250767, 0.2850562947799386, 0.2901740020470829, 0.2963152507676561, 0.30348004094165815, 0.31064483111566016, 0.3208802456499488, 0.32599795291709316, 0.33162743091095187, 0.34083930399181167, 0.3490276356192426, 0.3572159672466735, 0.3654042988741044, 0.3751279426816786, 0.38178096212896623, 0.38945752302968273, 0.4002047082906858, 0.40736949846468784, 0.4165813715455476, 0.4247697031729785, 0.4329580348004094, 0.44114636642784033, 0.4518935516888434, 0.46212896622313204, 0.4687819856704197, 0.48004094165813715, 0.49129989764585463, 0.5005117707267144, 0.510747185261003, 0.5194472876151485, 0.529682702149437, 0.5388945752302968, 0.5501535312180144, 0.5649948822927329, 0.5762538382804504, 0.5870010235414534, 0.5946775844421699, 0.6146366427840327, 0.6264073694984647, 0.6402251791197543, 0.6484135107471852, 0.6632548618219037, 0.6780962128966224, 0.6960081883316275, 0.706243602865916, 0.7175025588536336, 0.7282497441146366, 0.7379733879222109, 0.7645854657113613, 0.7845445240532242, 0.8014329580348004, 0.8321392016376663, 0.853121801432958, 0.8741044012282497, 0.9155578300921188, 0.9554759467758445, 1.0], "tpr": [0.0, 0.17513747708715213, 0.21729711714714214, 0.24945842359606732, 0.3002832861189802, 0.33311114814197634, 0.3546075654057657, 0.3792701216463923, 0.3951008165305782, 0.43159473421096484, 0.44592567905349106, 0.47658723546075654, 0.49091818030328277, 0.5030828195300783, 0.5180803199466756, 0.5312447925345776, 0.54807532077987, 0.5594067655390769, 0.5702382936177304, 0.5812364605899016, 0.5954007665389102, 0.6107315447425429, 0.6230628228628562, 0.6358940176637227, 0.6512247958673555, 0.6582236293951008, 0.6660556573904349, 0.6733877687052158, 0.6850524912514581, 0.6895517413764373, 0.6968838526912181, 0.7060489918346943, 0.7100483252791201, 0.7178803532744542, 0.7238793534410931, 0.7315447425429095, 0.7383769371771371, 0.7440426595567405, 0.7510414930844859, 0.7573737710381603, 0.762206298950175, 0.7700383269455091, 0.77737043826029, 0.7847025495750708, 0.7942009665055824, 0.8015330778203633, 0.8095317447092152, 0.8150308281953008, 0.8198633561073154, 0.8245292451258124, 0.8308615230794868, 0.8368605232461257, 0.8430261623062822, 0.8483586068988502, 0.8526912181303116, 0.8585235794034327, 0.8628561906348942, 0.8695217463756041, 0.872854524245959, 0.8786868855190801, 0.8811864689218464, 0.8843526078986835, 0.8895184135977338, 0.8920179970004999, 0.8956840526578903, 0.9016830528245292, 0.9053491084819196, 0.9093484419263456, 0.913681053157807, 0.9170138310281619, 0.9201799700049992, 0.9228461923012832, 0.9255124145975671, 0.930178303616064, 0.9350108315280786, 0.938676887185469, 0.9418430261623063, 0.9445092484585902, 0.9476753874354275, 0.9510081653057824, 0.9540076653891019, 0.9561739710048325, 0.9583402766205632, 0.9608398600233294, 0.963839360106649, 0.9670054990834861, 0.9691718046992168, 0.972337943676054, 0.9746708881853025, 0.9770038326945509, 0.9793367772037994, 0.9813364439260124, 0.983502749541743, 0.9860023329445092, 0.98816863856024, 0.9910014997500417, 0.9935010831528078, 0.9956673887685386, 0.998000333277787, 1.0], "auc": 0.842}